TRIP_ID,SpeciesName,Vessel,Vessel,Mth,emTOWS,emDISCWEIGHT,emDISCCOUNT,GEARCODE,AREA,MEANDEPTH,vtrTOWS,vtrDISCWEIGHT
1,FISH UNKNOWN,Proud Mary,PM,November,3,7.95,25,NA,NA,NA,NA,NA
1,FLOUNDER SUMMER (FLUKE),Proud Mary,PM,November,4,12.5,80,NA,NA,NA,NA,NA
1,FLOUNDER UNKNOWN,Proud Mary,PM,November,2,1.2,2,NA,NA,NA,NA,NA
1,FLOUNDER WINDOWPANE (SAND DAB),Proud Mary,PM,November,4,56.63,115,OTF,539,20.2,4,39
1,FLOUNDER WINTER (BLACKBACK),Proud Mary,PM,November,4,14.32,23,OTF,539,20.2,4,10
1,HAKE WHITE,Proud Mary,PM,November,3,10.4,31,NA,NA,NA,NA,NA
1,BSB,NA,NA,NA,NA,NA,NA,OTF,539,20.3,3,5
1,DGSP,NA,NA,NA,NA,NA,NA,OTF,539,22,1,15
1,FLFSP,NA,NA,NA,NA,NA,NA,OTF,539,20.2,4,9
1,FLUKE,NA,NA,NA,NA,NA,NA,OTF,539,20.2,4,216
1,SCUL,NA,NA,NA,NA,NA,NA,OTF,539,19,1,1
1,SCUP,NA,NA,NA,NA,NA,NA,OTF,539,20.2,4,1290
1,SKLWIN,NA,NA,NA,NA,NA,NA,OTF,539,21,2,200
1,SROB,NA,NA,NA,NA,NA,NA,OTF,539,20.3,3,8
2,FISH UNKNOWN,Proud Mary,PM,November,5,0,13,NA,NA,NA,NA,NA
2,FLOUNDER SUMMER (FLUKE),Proud Mary,PM,November,5,0,120,NA,NA,NA,NA,NA
2,FLOUNDER WINDOWPANE (SAND DAB),Proud Mary,PM,November,5,81.81,198,OTF,539,21.4,5,69
2,FLOUNDER WINTER (BLACKBACK),Proud Mary,PM,November,5,14.55,22,OTF,539,21.4,5,13
2,HAKE WHITE,Proud Mary,PM,November,3,3.8,9,NA,NA,NA,NA,NA
2,NON-GROUNDFISH,Proud Mary,PM,November,2,0,2,NA,NA,NA,NA,NA
2,BSB,NA,NA,NA,NA,NA,NA,OTF,539,22,4,23
2,FLFSP,NA,NA,NA,NA,NA,NA,OTF,539,21,4,12
2,FLUKE,NA,NA,NA,NA,NA,NA,OTF,539,21.4,5,263
2,SCUL,NA,NA,NA,NA,NA,NA,OTF,539,22.5,2,5
2,SKLWIN,NA,NA,NA,NA,NA,NA,OTF,539,22.5,2,175
2,SROB,NA,NA,NA,NA,NA,NA,OTF,539,22,4,14
3,FISH UNKNOWN,Proud Mary,PM,December,4,13.75,42,NA,NA,NA,NA,NA
3,FLOUNDER SUMMER (FLUKE),Proud Mary,PM,December,4,2.5,115,NA,NA,NA,NA,NA
3,FLOUNDER UNKNOWN,Proud Mary,PM,December,1,0.5,1,NA,NA,NA,NA,NA
3,FLOUNDER WINDOWPANE (SAND DAB),Proud Mary,PM,December,4,81.59,188,OTF,539,20.2,4,69
3,FLOUNDER WINTER (BLACKBACK),Proud Mary,PM,December,4,13.17,20,OTF,539,20.2,4,10
3,HAKE WHITE,Proud Mary,PM,December,4,4.4,11,NA,NA,NA,NA,NA
3,BSB,NA,NA,NA,NA,NA,NA,OTF,539,20.2,4,17
3,FLFSP,NA,NA,NA,NA,NA,NA,OTF,539,20.2,4,18
3,MONK,NA,NA,NA,NA,NA,NA,OTF,539,19,1,1
3,FLUKE,NA,NA,NA,NA,NA,NA,OTF,539,20.2,4,238
3,SCUL,NA,NA,NA,NA,NA,NA,OTF,539,20.7,3,6
3,SKLWIN,NA,NA,NA,NA,NA,NA,OTF,539,19,1,25
3,SROB,NA,NA,NA,NA,NA,NA,OTF,539,20.2,4,17
4,FLOUNDER SUMMER (FLUKE),Proud Mary,PM,December,2,0,18,NA,NA,NA,NA,NA
4,FLOUNDER WINDOWPANE (SAND DAB),Proud Mary,PM,December,2,74.7,167,OTF,539,20,2,66
4,FLOUNDER WINTER (BLACKBACK),Proud Mary,PM,December,2,11.82,18,OTF,539,20,2,10
4,HAKE WHITE,Proud Mary,PM,December,1,2.1,8,NA,NA,NA,NA,NA
4,NON-GROUNDFISH,Proud Mary,PM,December,1,0,1,NA,NA,NA,NA,NA
4,BSB,NA,NA,NA,NA,NA,NA,OTF,539,20,2,3
4,FLFSP,NA,NA,NA,NA,NA,NA,OTF,539,20,2,8
4,FLUKE,NA,NA,NA,NA,NA,NA,OTF,539,20,2,37
4,SCUL,NA,NA,NA,NA,NA,NA,OTF,539,20,2,7
4,SCUP,NA,NA,NA,NA,NA,NA,OTF,539,22,1,2
4,SROB,NA,NA,NA,NA,NA,NA,OTF,539,18,1,3
5,FLOUNDER SUMMER (FLUKE),Proud Mary,PM,December,4,0,245,NA,NA,NA,NA,NA
5,FLOUNDER WINDOWPANE (SAND DAB),Proud Mary,PM,December,4,195.38,389,OTF,539,18,4,155
5,FLOUNDER WINTER (BLACKBACK),Proud Mary,PM,December,4,40.82,64,OTF,539,18,4,38
5,FLOUNDER YELLOWTAIL,Proud Mary,PM,December,1,0.39,1,NA,NA,NA,NA,NA
5,HAKE WHITE,Proud Mary,PM,December,3,3.3,11,NA,NA,NA,NA,NA
5,OCEAN POUT,NA,NA,NA,NA,NA,NA,OTF,539,18,1,10
5,DGSP,NA,NA,NA,NA,NA,NA,OTF,539,18,1,5
5,FLFSP,NA,NA,NA,NA,NA,NA,OTF,539,19,3,9
5,MONK,NA,NA,NA,NA,NA,NA,OTF,539,20,1,2
5,FLUKE,NA,NA,NA,NA,NA,NA,OTF,539,18,4,390
5,SCUL,NA,NA,NA,NA,NA,NA,OTF,539,18,4,17
5,SKLWIN,NA,NA,NA,NA,NA,NA,OTF,539,20,1,500
5,SROB,NA,NA,NA,NA,NA,NA,OTF,539,18,3,153
6,FLOUNDER SUMMER (FLUKE),Proud Mary,PM,December,2,0,34,NA,NA,NA,NA,NA
6,FLOUNDER WINDOWPANE (SAND DAB),Proud Mary,PM,December,2,239.8,454,OTF,539,15.5,2,233
6,FLOUNDER WINTER (BLACKBACK),Proud Mary,PM,December,2,24.73,36,OTF,539,15.5,2,19
6,BSB,NA,NA,NA,NA,NA,NA,OTF,539,15.5,2,6
6,DGSP,NA,NA,NA,NA,NA,NA,OTF,539,15.5,2,6
6,FLFSP,NA,NA,NA,NA,NA,NA,OTF,539,16,1,2
6,FLUKE,NA,NA,NA,NA,NA,NA,OTF,539,15.5,2,65
6,SCUL,NA,NA,NA,NA,NA,NA,OTF,539,15.5,2,9
6,SKLWIN,NA,NA,NA,NA,NA,NA,OTF,539,16,1,50
6,SROB,NA,NA,NA,NA,NA,NA,OTF,539,15.5,2,80
7,FLOUNDER WINDOWPANE (SAND DAB),Proud Mary,PM,December,1,4.86,12,OTF,539,19,1,5
7,FLOUNDER WINTER (BLACKBACK),Proud Mary,PM,December,1,1.2,2,NA,NA,NA,NA,NA
7,FLFSP,NA,NA,NA,NA,NA,NA,OTF,539,19,1,3
7,SCUL,NA,NA,NA,NA,NA,NA,OTF,539,19,1,4
8,FISH UNKNOWN,Proud Mary,PM,December,1,0,1,NA,NA,NA,NA,NA
8,FLOUNDER SUMMER (FLUKE),Proud Mary,PM,December,3,0,79,NA,NA,NA,NA,NA
8,FLOUNDER WINDOWPANE (SAND DAB),Proud Mary,PM,December,4,173.91,380,OTF,539,22.5,4,295
8,FLOUNDER WINTER (BLACKBACK),Proud Mary,PM,December,3,39.25,66,OTF,539,22.5,4,43
8,FLOUNDER YELLOWTAIL,Proud Mary,PM,December,1,2.55,6,NA,NA,NA,NA,NA
8,HAKE WHITE,Proud Mary,PM,December,2,6.5,24,NA,NA,NA,NA,NA
8,NO GROUNDFISH DISCARDS,Proud Mary,PM,December,1,0,1,NA,NA,NA,NA,NA
8,BSB,NA,NA,NA,NA,NA,NA,OTF,539,24,2,5
8,FLFSP,NA,NA,NA,NA,NA,NA,OTF,539,23.7,3,17
8,FLUKE,NA,NA,NA,NA,NA,NA,OTF,539,22.5,4,247
8,SCUL,NA,NA,NA,NA,NA,NA,OTF,539,24,2,5
8,SKLWIN,NA,NA,NA,NA,NA,NA,OTF,539,22.5,4,4000
8,SROB,NA,NA,NA,NA,NA,NA,OTF,539,23,1,4
9,FISH UNKNOWN,Proud Mary,PM,December,1,0,1,NA,NA,NA,NA,NA
9,FLOUNDER SUMMER (FLUKE),Proud Mary,PM,December,4,0,116,NA,NA,NA,NA,NA
9,FLOUNDER WINDOWPANE (SAND DAB),Proud Mary,PM,December,4,619.44,1372,OTF,539,21.5,4,565
9,FLOUNDER WINTER (BLACKBACK),Proud Mary,PM,December,4,109.88,181,OTF,539,21.5,4,72
9,FLOUNDER YELLOWTAIL,Proud Mary,PM,December,4,4.21,12,OTF,539,21.5,4,5
9,HAKE WHITE,Proud Mary,PM,December,2,0.6,2,NA,NA,NA,NA,NA
9,OCEAN POUT,Proud Mary,PM,December,1,1.5,1,OTF,539,22,1,4
9,FLFSP,NA,NA,NA,NA,NA,NA,OTF,539,21.5,4,17
9,FLUKE,NA,NA,NA,NA,NA,NA,OTF,539,21.5,4,140
9,SCUL,NA,NA,NA,NA,NA,NA,OTF,539,21.7,3,4
9,SKLWIN,NA,NA,NA,NA,NA,NA,OTF,539,21.5,4,2950
9,SROB,NA,NA,NA,NA,NA,NA,OTF,539,21.7,3,7
10,FISH UNKNOWN,Proud Mary,PM,January,1,0,5,NA,NA,NA,NA,NA
10,FLOUNDER SUMMER (FLUKE),Proud Mary,PM,January,4,0,64,NA,NA,NA,NA,NA
10,FLOUNDER UNKNOWN,Proud Mary,PM,January,1,0.5,1,NA,NA,NA,NA,NA
10,FLOUNDER WINDOWPANE (SAND DAB),Proud Mary,PM,January,4,549.73,1187,OTF,539,22.8,4,495
10,FLOUNDER WINTER (BLACKBACK),Proud Mary,PM,January,4,58.31,96,OTF,539,22.8,4,51
10,FLOUNDER YELLOWTAIL,Proud Mary,PM,January,4,3.91,10,OTF,539,22.8,4,6
10,HAKE WHITE,Proud Mary,PM,January,3,1.3,5,NA,NA,NA,NA,NA
10,DGSP,NA,NA,NA,NA,NA,NA,OTF,539,24,1,5
10,FLFSP,NA,NA,NA,NA,NA,NA,OTF,539,23,3,7
10,FLUKE,NA,NA,NA,NA,NA,NA,OTF,539,22.8,4,64
10,SCUL,NA,NA,NA,NA,NA,NA,OTF,539,23,3,8
10,SKLWIN,NA,NA,NA,NA,NA,NA,OTF,539,22.3,3,2700
10,SROB,NA,NA,NA,NA,NA,NA,OTF,539,24,1,1
11,FISH UNKNOWN,Proud Mary,PM,January,3,0,33,NA,NA,NA,NA,NA
11,FLOUNDER SUMMER (FLUKE),Proud Mary,PM,January,4,0,45,NA,NA,NA,NA,NA
11,FLOUNDER WINDOWPANE (SAND DAB),Proud Mary,PM,January,6,840.3,1613,OTF,539,24.2,6,645
11,FLOUNDER WINTER (BLACKBACK),Proud Mary,PM,January,4,11.87,18,NA,NA,NA,NA,NA
11,FLOUNDER YELLOWTAIL,Proud Mary,PM,January,5,7.75,22,OTF,539,24.8,5,8
11,HAKE WHITE,Proud Mary,PM,January,2,3.4,10,NA,NA,NA,NA,NA
11,NON-GROUNDFISH,Proud Mary,PM,January,1,25,1,NA,NA,NA,NA,NA
11,BSB,NA,NA,NA,NA,NA,NA,OTF,537,28,1,1
11,DGSP,NA,NA,NA,NA,NA,NA,OTF,537,28,1,6
11,FLFSP,NA,NA,NA,NA,NA,NA,OTF,539,25.2,4,8
11,SCUL,NA,NA,NA,NA,NA,NA,OTF,539,24.2,5,10
11,SKLWIN,NA,NA,NA,NA,NA,NA,OTF,539,24.2,6,3270
12,FISH UNKNOWN,Proud Mary,PM,January,1,0,1,NA,NA,NA,NA,NA
12,FLOUNDER SUMMER (FLUKE),Proud Mary,PM,January,2,0,10,NA,NA,NA,NA,NA
12,FLOUNDER WINDOWPANE (SAND DAB),Proud Mary,PM,January,2,307.22,657,OTF,539,13.5,2,280
12,FLOUNDER WINTER (BLACKBACK),Proud Mary,PM,January,2,6.56,10,OTF,539,13.5,2,5
12,FLOUNDER YELLOWTAIL,Proud Mary,PM,January,2,2.68,7,OTF,539,13.5,2,3
12,FLFSP,NA,NA,NA,NA,NA,NA,OTF,539,24,1,1
12,FLUKE,NA,NA,NA,NA,NA,NA,OTF,539,13.5,2,6
12,SCUL,NA,NA,NA,NA,NA,NA,OTF,539,24,1,2
12,SKLWIN,NA,NA,NA,NA,NA,NA,OTF,539,13.5,2,300
12,SKCL,NA,NA,NA,NA,NA,NA,OTF,539,3,1,2
13,COD ATLANTIC,Proud Mary,PM,January,2,3.39,2,NA,NA,NA,NA,NA
13,FLOUNDER SUMMER (FLUKE),Proud Mary,PM,January,1,0,1,NA,NA,NA,NA,NA
13,FLOUNDER WINDOWPANE (SAND DAB),Proud Mary,PM,January,5,381.29,780,OTF,539,24,5,320
13,FLOUNDER WINTER (BLACKBACK),Proud Mary,PM,January,2,1.75,3,NA,NA,NA,NA,NA
13,FLOUNDER YELLOWTAIL,Proud Mary,PM,January,2,1.31,3,NA,NA,NA,NA,NA
13,SCUL,NA,NA,NA,NA,NA,NA,OTF,537,24.5,2,4
13,SKATE,NA,NA,NA,NA,NA,NA,OTF,539,23.5,2,12
14,COD ATLANTIC,Proud Mary,PM,January,1,4.64,3,NA,NA,NA,NA,NA
14,FLOUNDER WINDOWPANE (SAND DAB),Proud Mary,PM,January,3,271.39,568,OTF,537,24.3,3,340
14,FLOUNDER WINTER (BLACKBACK),Proud Mary,PM,January,2,2.79,5,NA,NA,NA,NA,NA
14,FLOUNDER WITCH (GREY SOLE),NA,NA,NA,NA,NA,NA,OTF,539,25,1,1
14,FLOUNDER YELLOWTAIL,Proud Mary,PM,January,3,2.03,5,NA,NA,NA,NA,NA
14,NON-GROUNDFISH,Proud Mary,PM,January,1,0,1,NA,NA,NA,NA,NA
14,OCEAN POUT,NA,NA,NA,NA,NA,NA,OTF,539,25,1,5
14,SCUL,NA,NA,NA,NA,NA,NA,OTF,537,24.3,3,13
14,SKATE,NA,NA,NA,NA,NA,NA,OTF,539,24.5,2,50
15,COD ATLANTIC,Proud Mary,PM,January,1,4.71,3,NA,NA,NA,NA,NA
15,FLOUNDER SUMMER (FLUKE),Proud Mary,PM,January,2,0,3,NA,NA,NA,NA,NA
15,FLOUNDER WINDOWPANE (SAND DAB),Proud Mary,PM,January,5,775.37,1509,OTF,539,25,5,690
15,FLOUNDER WINTER (BLACKBACK),Proud Mary,PM,January,2,4.65,7,NA,NA,NA,NA,NA
15,FLOUNDER YELLOWTAIL,Proud Mary,PM,January,5,10.8,28,NA,NA,NA,NA,NA
15,OCEAN POUT,Proud Mary,PM,January,1,1,1,OTF,539,26,1,3
15,FLFSP,NA,NA,NA,NA,NA,NA,OTF,537,26,1,2
15,SCUL,NA,NA,NA,NA,NA,NA,OTF,539,25.2,4,18
15,SKATE,NA,NA,NA,NA,NA,NA,OTF,539,24.8,4,150
16,FISH UNKNOWN,Proud Mary,PM,January,3,0,3,NA,NA,NA,NA,NA
16,FLOUNDER SUMMER (FLUKE),Proud Mary,PM,January,2,0,5,NA,NA,NA,NA,NA
16,FLOUNDER WINDOWPANE (SAND DAB),Proud Mary,PM,January,4,920.99,1821,OTF,539,25.2,4,750
16,FLOUNDER WINTER (BLACKBACK),Proud Mary,PM,January,2,1.76,3,NA,NA,NA,NA,NA
16,FLOUNDER YELLOWTAIL,Proud Mary,PM,January,4,6.93,17,OTF,539,25.2,4,6
16,OCEAN POUT,Proud Mary,PM,January,2,8,4,OTF,537,25.3,3,22
16,DGSP,NA,NA,NA,NA,NA,NA,OTF,537,24,1,6
16,SCUL,NA,NA,NA,NA,NA,NA,OTF,537,25.3,3,11
16,SKATE,NA,NA,NA,NA,NA,NA,OTF,539,25.2,4,200
17,COD ATLANTIC,Proud Mary,PM,January,4,10.38,6,NA,NA,NA,NA,NA
17,FISH UNKNOWN,Proud Mary,PM,January,1,0,2,NA,NA,NA,NA,NA
17,FLOUNDER WINDOWPANE (SAND DAB),Proud Mary,PM,January,5,424.6,837,OTF,537,23.2,5,400
17,FLOUNDER WINTER (BLACKBACK),Proud Mary,PM,January,4,8.66,14,NA,NA,NA,NA,NA
17,FLOUNDER YELLOWTAIL,Proud Mary,PM,January,3,4.45,12,NA,NA,NA,NA,NA
17,OCEAN POUT,Proud Mary,PM,January,1,2,1,OTF,539,23.2,4,16
17,SCUL,NA,NA,NA,NA,NA,NA,OTF,537,23.5,4,23
18,COD ATLANTIC,Proud Mary,PM,February,4,17.54,10,NA,NA,NA,NA,NA
18,FISH UNKNOWN,Proud Mary,PM,February,3,0,32,NA,NA,NA,NA,NA
18,FLOUNDER SUMMER (FLUKE),Proud Mary,PM,February,4,0,59,NA,NA,NA,NA,NA
18,FLOUNDER WINDOWPANE (SAND DAB),Proud Mary,PM,February,6,570.51,1598,OTF,537,28.7,6,702
18,FLOUNDER WINTER (BLACKBACK),Proud Mary,PM,February,6,7.6,11,OTF,537,28.7,6,6
18,FLOUNDER YELLOWTAIL,Proud Mary,PM,February,5,4.55,11,OTF,537,24.2,5,5
18,HAKE WHITE,Proud Mary,PM,February,2,2.9,7,NA,NA,NA,NA,NA
18,OCEAN POUT,NA,NA,NA,NA,NA,NA,OTF,537,23.5,2,10
18,DGSP,NA,NA,NA,NA,NA,NA,OTF,537,51,2,1020
18,FLFSP,NA,NA,NA,NA,NA,NA,OTF,537,51,2,10
18,MONK,NA,NA,NA,NA,NA,NA,OTF,537,51,2,25
18,SCUL,NA,NA,NA,NA,NA,NA,OTF,537,24.2,5,47
18,SROB,NA,NA,NA,NA,NA,NA,OTF,537,51,2,1700
18,SKATE,NA,NA,NA,NA,NA,NA,OTF,539,32.7,3,3225
19,COD ATLANTIC,Proud Mary,PM,February,2,4.51,3,NA,NA,NA,NA,NA
19,FLOUNDER SUMMER (FLUKE),Proud Mary,PM,February,2,5,6,NA,NA,NA,NA,NA
19,FLOUNDER WINDOWPANE (SAND DAB),Proud Mary,PM,February,4,318.39,615,OTF,539,24.8,4,285
19,FLOUNDER WINTER (BLACKBACK),Proud Mary,PM,February,3,2.82,5,NA,NA,NA,NA,NA
19,FLOUNDER YELLOWTAIL,Proud Mary,PM,February,2,0.93,2,NA,NA,NA,NA,NA
19,OCEAN POUT,Proud Mary,PM,February,1,2.9,1,OTF,539,23,1,7
19,DGSP,NA,NA,NA,NA,NA,NA,OTF,537,29,1,7
19,SCUL,NA,NA,NA,NA,NA,NA,OTF,539,24.8,4,11
20,COD ATLANTIC,Proud Mary,PM,February,2,3.64,2,NA,NA,NA,NA,NA
20,FLOUNDER SUMMER (FLUKE),Proud Mary,PM,February,4,0,10,NA,NA,NA,NA,NA
20,FLOUNDER WINDOWPANE (SAND DAB),Proud Mary,PM,February,4,499.63,994,OTF,539,19.8,4,480
20,FLOUNDER WINTER (BLACKBACK),Proud Mary,PM,February,4,7.03,12,OTF,539,19.8,4,6
20,FLOUNDER YELLOWTAIL,Proud Mary,PM,February,2,2.39,6,NA,NA,NA,NA,NA
20,OCEAN POUT,Proud Mary,PM,February,2,3,2,OTF,539,25.5,2,10
20,FLUKE,NA,NA,NA,NA,NA,NA,OTF,539,19.8,4,8
20,SCUL,NA,NA,NA,NA,NA,NA,OTF,539,19.8,4,31
20,SKATE,NA,NA,NA,NA,NA,NA,OTF,539,24.5,2,3
21,FLOUNDER SUMMER (FLUKE),Proud Mary,PM,February,3,0,8,NA,NA,NA,NA,NA
21,FLOUNDER WINDOWPANE (SAND DAB),Proud Mary,PM,February,3,317.18,594,OTF,539,23.7,3,305
21,FLOUNDER WINTER (BLACKBACK),Proud Mary,PM,February,3,6.57,11,OTF,539,23.7,3,5
21,FLOUNDER YELLOWTAIL,Proud Mary,PM,February,2,0.87,2,OTF,539,24,2,2
21,MONK,NA,NA,NA,NA,NA,NA,OTF,539,25,1,1
21,FLUKE,NA,NA,NA,NA,NA,NA,OTF,539,23.7,3,9
21,SCUL,NA,NA,NA,NA,NA,NA,OTF,539,23.7,3,8
22,COD ATLANTIC,Proud Mary,PM,February,1,0.68,1,NA,NA,NA,NA,NA
22,FISH UNKNOWN,Proud Mary,PM,February,1,0,1,NA,NA,NA,NA,NA
22,FLOUNDER SUMMER (FLUKE),Proud Mary,PM,February,3,0,16,NA,NA,NA,NA,NA
22,FLOUNDER WINDOWPANE (SAND DAB),Proud Mary,PM,February,3,435.86,846,OTF,539,24.3,3,450
22,FLOUNDER WINTER (BLACKBACK),Proud Mary,PM,February,3,9.44,18,OTF,539,24.3,3,8
22,FLOUNDER YELLOWTAIL,Proud Mary,PM,February,3,4.04,10,NA,NA,NA,NA,NA
22,HAKE WHITE,Proud Mary,PM,February,1,0.1,1,NA,NA,NA,NA,NA
22,OCEAN POUT,NA,NA,NA,NA,NA,NA,OTF,539,25,1,1
22,FLFSP,NA,NA,NA,NA,NA,NA,OTF,539,24,1,3
22,FLUKE,NA,NA,NA,NA,NA,NA,OTF,539,24.3,3,12
22,SCUL,NA,NA,NA,NA,NA,NA,OTF,539,24.3,3,21
23,COD ATLANTIC,Proud Mary,PM,February,1,1.85,2,NA,NA,NA,NA,NA
23,FLOUNDER SUMMER (FLUKE),Proud Mary,PM,February,4,0,16,NA,NA,NA,NA,NA
23,FLOUNDER UNKNOWN,Proud Mary,PM,February,1,0.07,1,NA,NA,NA,NA,NA
23,FLOUNDER WINDOWPANE (SAND DAB),Proud Mary,PM,February,4,351.12,692,OTF,539,24,4,295
23,FLOUNDER WINTER (BLACKBACK),Proud Mary,PM,February,3,10.61,18,NA,NA,NA,NA,NA
23,FLOUNDER YELLOWTAIL,Proud Mary,PM,February,1,0.98,2,NA,NA,NA,NA,NA
23,OCEAN POUT,Proud Mary,PM,February,2,11.1,3,OTF,539,24,2,10
23,FLUKE,NA,NA,NA,NA,NA,NA,OTF,539,24.3,3,14
23,SCUL,NA,NA,NA,NA,NA,NA,OTF,539,24,4,16
23,SKATE,NA,NA,NA,NA,NA,NA,OTF,539,25,1,1
24,COD ATLANTIC,Proud Mary,PM,March,1,1.57,1,NA,NA,NA,NA,NA
24,FISH UNKNOWN,Proud Mary,PM,March,1,0,2,NA,NA,NA,NA,NA
24,FLOUNDER SUMMER (FLUKE),Proud Mary,PM,March,6,0,27,NA,NA,NA,NA,NA
24,FLOUNDER WINDOWPANE (SAND DAB),Proud Mary,PM,March,6,299.78,595,OTF,537,48.4,5,179
24,FLOUNDER WINTER (BLACKBACK),Proud Mary,PM,March,1,4.67,6,NA,NA,NA,NA,NA
24,FLOUNDER WITCH (GREY SOLE),Proud Mary,PM,March,3,1.24,3,NA,NA,NA,NA,NA
24,FLOUNDER YELLOWTAIL,Proud Mary,PM,March,1,0.44,1,NA,NA,NA,NA,NA
24,HADDOCK,Proud Mary,PM,March,1,0.96,1,NA,NA,NA,NA,NA
24,DGSP,NA,NA,NA,NA,NA,NA,OTF,537,55,4,1120
24,FLFSP,NA,NA,NA,NA,NA,NA,OTF,537,55,4,85
24,MONK,NA,NA,NA,NA,NA,NA,OTF,537,55,4,330
24,FLUKE,NA,NA,NA,NA,NA,NA,OTF,537,48.4,5,24
24,SROB,NA,NA,NA,NA,NA,NA,OTF,537,53,1,4
24,RHAK,NA,NA,NA,NA,NA,NA,OTF,537,55,4,345
25,FISH UNKNOWN,Proud Mary,PM,March,1,0,1,NA,NA,NA,NA,NA
25,FLOUNDER SUMMER (FLUKE),Proud Mary,PM,March,6,0,276,NA,NA,NA,NA,NA
25,FLOUNDER WINDOWPANE (SAND DAB),Proud Mary,PM,March,8,301.45,628,OTF,613,32.4,8,280
25,FLOUNDER WINTER (BLACKBACK),Proud Mary,PM,March,2,3.02,5,NA,NA,NA,NA,NA
25,FLOUNDER WITCH (GREY SOLE),Proud Mary,PM,March,5,9.36,21,OTF,613,37.4,5,11
25,FLOUNDER YELLOWTAIL,Proud Mary,PM,March,2,0.54,2,NA,NA,NA,NA,NA
25,HAKE WHITE,Proud Mary,PM,March,5,190.81,595,NA,NA,NA,NA,NA
25,NON-GROUNDFISH,Proud Mary,PM,March,2,0,4,NA,NA,NA,NA,NA
25,OCEAN POUT,Proud Mary,PM,March,2,8.08,3,OTF,539,25.5,2,11
25,DGSP,NA,NA,NA,NA,NA,NA,OTF,613,37.4,5,1050
25,FLFSP,NA,NA,NA,NA,NA,NA,OTF,613,37.4,5,78
25,MONK,NA,NA,NA,NA,NA,NA,OTF,613,37.4,5,37
25,SCUL,NA,NA,NA,NA,NA,NA,OTF,539,32.7,3,8
25,SROB,NA,NA,NA,NA,NA,NA,OTF,613,38,4,721
25,RHAK,NA,NA,NA,NA,NA,NA,OTF,613,37.4,5,153
25,SKATE,NA,NA,NA,NA,NA,NA,OTF,613,38,1,1000
26,COD ATLANTIC,Proud Mary,PM,March,1,1.94,1,NA,NA,NA,NA,NA
26,FISH UNKNOWN,Proud Mary,PM,March,2,0,7,NA,NA,NA,NA,NA
26,FLOUNDER SUMMER (FLUKE),Proud Mary,PM,March,5,0,74,NA,NA,NA,NA,NA
26,FLOUNDER WINDOWPANE (SAND DAB),Proud Mary,PM,March,7,307.95,597,OTF,539,30.3,7,305
26,FLOUNDER WINTER (BLACKBACK),Proud Mary,PM,March,2,1.3,2,NA,NA,NA,NA,NA
26,FLOUNDER WITCH (GREY SOLE),Proud Mary,PM,March,2,1.46,3,NA,NA,NA,NA,NA
26,FLOUNDER YELLOWTAIL,Proud Mary,PM,March,2,1.09,2,NA,NA,NA,NA,NA
26,HAKE WHITE,Proud Mary,PM,March,3,25.3,80,NA,NA,NA,NA,NA
26,OCEAN POUT,Proud Mary,PM,March,2,14.66,5,OTF,538,24,2,13
26,BSB,NA,NA,NA,NA,NA,NA,OTF,613,37,1,1
26,DGSP,NA,NA,NA,NA,NA,NA,OTF,613,37.5,2,60
26,FLFSP,NA,NA,NA,NA,NA,NA,OTF,613,37.5,2,60
26,MONK,NA,NA,NA,NA,NA,NA,OTF,613,37.3,3,17
26,SCUL,NA,NA,NA,NA,NA,NA,OTF,537,25,4,10
26,SKLWIN,NA,NA,NA,NA,NA,NA,OTF,539,28,1,15
26,SROB,NA,NA,NA,NA,NA,NA,OTF,613,37.5,2,25
26,RHAK,NA,NA,NA,NA,NA,NA,OTF,613,37.5,2,18
27,FISH UNKNOWN,Proud Mary,PM,March,3,0,11,NA,NA,NA,NA,NA
27,FLOUNDER SUMMER (FLUKE),Proud Mary,PM,March,2,0,4,NA,NA,NA,NA,NA
27,FLOUNDER WINDOWPANE (SAND DAB),Proud Mary,PM,March,4,132,253,OTF,539,25.8,4,155
27,FLOUNDER WINTER (BLACKBACK),Proud Mary,PM,March,3,4.76,8,NA,NA,NA,NA,NA
27,FLOUNDER YELLOWTAIL,Proud Mary,PM,March,1,0.44,1,NA,NA,NA,NA,NA
27,HAKE WHITE,Proud Mary,PM,March,2,0.64,3,NA,NA,NA,NA,NA
27,FLUKE,NA,NA,NA,NA,NA,NA,OTF,539,27,2,2
27,SCUL,NA,NA,NA,NA,NA,NA,OTF,539,26.7,3,8
27,SKCL,NA,NA,NA,NA,NA,NA,OTF,539,23,1,2
28,COD ATLANTIC,Proud Mary,PM,April,2,0.5,2,NA,NA,NA,NA,NA
28,FISH UNKNOWN,Proud Mary,PM,April,6,0,43,NA,NA,NA,NA,NA
28,FLOUNDER SUMMER (FLUKE),Proud Mary,PM,April,5,0,97,NA,NA,NA,NA,NA
28,FLOUNDER WINDOWPANE (SAND DAB),Proud Mary,PM,April,6,352.75,730,OTF,539,32.3,6,351
28,FLOUNDER WINTER (BLACKBACK),Proud Mary,PM,April,4,31.92,54,OTF,539,23.2,4,22
28,FLOUNDER WITCH (GREY SOLE),Proud Mary,PM,April,3,0.97,3,NA,NA,NA,NA,NA
28,FLOUNDER YELLOWTAIL,Proud Mary,PM,April,1,0.54,1,OTF,539,24,1,1
28,HAKE WHITE,Proud Mary,PM,April,3,28.36,73,NA,NA,NA,NA,NA
28,OCEAN POUT,Proud Mary,PM,April,4,31.34,14,OTF,539,25.2,4,34
28,REDFISH UNKNOWN (OCEAN PERCH),Proud Mary,PM,April,2,0.25,2,NA,NA,NA,NA,NA
28,BSB,NA,NA,NA,NA,NA,NA,OTF,537,70,2,2
28,DGSP,NA,NA,NA,NA,NA,NA,OTF,537,57,3,140
28,FLFSP,NA,NA,NA,NA,NA,NA,OTF,537,70,2,75
28,MONK,NA,NA,NA,NA,NA,NA,OTF,539,54.3,3,32
28,SCUL,NA,NA,NA,NA,NA,NA,OTF,539,24.8,5,63
28,SKLWIN,NA,NA,NA,NA,NA,NA,OTF,537,70,1,500
28,SROB,NA,NA,NA,NA,NA,NA,OTF,537,70,2,1300
28,RHAK,NA,NA,NA,NA,NA,NA,OTF,537,70,1,5
29,FISH UNKNOWN,Proud Mary,PM,April,4,0,9,NA,NA,NA,NA,NA
29,FLOUNDER SUMMER (FLUKE),Proud Mary,PM,April,8,0,90,NA,NA,NA,NA,NA
29,FLOUNDER WINDOWPANE (SAND DAB),Proud Mary,PM,April,11,446.12,919,OTF,537,28.8,12,457
29,FLOUNDER WINTER (BLACKBACK),Proud Mary,PM,April,9,34.05,63,NA,NA,NA,NA,NA
29,FLOUNDER WITCH (GREY SOLE),Proud Mary,PM,April,1,0.28,1,NA,NA,NA,NA,NA
29,FLOUNDER YELLOWTAIL,Proud Mary,PM,April,3,1.72,4,NA,NA,NA,NA,NA
29,HAKE WHITE,Proud Mary,PM,April,2,0.67,4,NA,NA,NA,NA,NA
29,OCEAN POUT,Proud Mary,PM,April,5,97.74,36,OTF,539,25.2,6,99
29,DGSP,NA,NA,NA,NA,NA,NA,OTF,537,37.4,5,432
29,FLFSP,NA,NA,NA,NA,NA,NA,OTF,537,40.2,4,21
29,MONK,NA,NA,NA,NA,NA,NA,OTF,537,35,5,16
29,SCUL,NA,NA,NA,NA,NA,NA,OTF,537,27.5,8,25
29,SROB,NA,NA,NA,NA,NA,NA,OTF,537,28.9,9,20
29,SKCL,NA,NA,NA,NA,NA,NA,OTF,539,14,1,125
29,SKATE,NA,NA,NA,NA,NA,NA,OTF,537,31.7,9,6025
30,FISH UNKNOWN,Proud Mary,PM,April,1,0,1,NA,NA,NA,NA,NA
30,FLOUNDER SUMMER (FLUKE),Proud Mary,PM,April,1,0,5,NA,NA,NA,NA,NA
30,FLOUNDER WINDOWPANE (SAND DAB),Proud Mary,PM,April,4,141.3,268,OTF,539,20,4,141
30,FLOUNDER WINTER (BLACKBACK),Proud Mary,PM,April,2,10.95,25,NA,NA,NA,NA,NA
30,OCEAN POUT,Proud Mary,PM,April,2,20.13,7,OTF,539,24,2,20
30,FLFSP,NA,NA,NA,NA,NA,NA,OTF,539,23,1,2
30,SCUL,NA,NA,NA,NA,NA,NA,OTF,539,24,2,7
30,SROB,NA,NA,NA,NA,NA,NA,OTF,539,23,1,1
31,FISH UNKNOWN,Proud Mary,PM,April,1,0.1,1,NA,NA,NA,NA,NA
31,FLOUNDER SUMMER (FLUKE),Proud Mary,PM,April,2,0,22,NA,NA,NA,NA,NA
31,FLOUNDER WINDOWPANE (SAND DAB),Proud Mary,PM,April,3,213.17,401,OTF,539,17,3,205
31,FLOUNDER WINTER (BLACKBACK),Proud Mary,PM,April,2,11.2,29,OTF,539,17,3,12
31,FLOUNDER YELLOWTAIL,Proud Mary,PM,April,1,0.54,1,NA,NA,NA,NA,NA
31,NON-GROUNDFISH,Proud Mary,PM,April,1,0,1,NA,NA,NA,NA,NA
31,OCEAN POUT,Proud Mary,PM,April,2,12.12,5,OTF,539,18,2,17
31,FLFSP,NA,NA,NA,NA,NA,NA,OTF,539,15,1,2
31,MONK,NA,NA,NA,NA,NA,NA,OTF,539,16,1,2
31,SCUL,NA,NA,NA,NA,NA,NA,OTF,539,17,3,16
31,SROB,NA,NA,NA,NA,NA,NA,OTF,539,16,1,4
32,FISH UNKNOWN,Proud Mary,PM,April,1,0,1,NA,NA,NA,NA,NA
32,FLOUNDER SUMMER (FLUKE),Proud Mary,PM,April,3,0,29,NA,NA,NA,NA,NA
32,FLOUNDER WINDOWPANE (SAND DAB),Proud Mary,PM,April,3,505.62,1006,OTF,539,84,3,445
32,FLOUNDER WINTER (BLACKBACK),Proud Mary,PM,April,3,21.8,47,OTF,539,84,3,20
32,HAKE WHITE,Proud Mary,PM,April,1,0.03,1,NA,NA,NA,NA,NA
32,OCEAN POUT,Proud Mary,PM,April,1,3.31,1,OTF,539,20,1,3
32,FLFSP,NA,NA,NA,NA,NA,NA,OTF,539,20,1,2
32,MONK,NA,NA,NA,NA,NA,NA,OTF,539,20,2,4
32,FLUKE,NA,NA,NA,NA,NA,NA,OTF,539,84,3,20
32,SCUL,NA,NA,NA,NA,NA,NA,OTF,539,84,3,10
32,SROB,NA,NA,NA,NA,NA,NA,OTF,539,84,3,7
32,SKATE,NA,NA,NA,NA,NA,NA,OTF,539,84,3,530
33,FISH UNKNOWN,Proud Mary,PM,April,2,0,5,NA,NA,NA,NA,NA
33,FLOUNDER SUMMER (FLUKE),Proud Mary,PM,April,4,0,164,NA,NA,NA,NA,NA
33,FLOUNDER WINDOWPANE (SAND DAB),Proud Mary,PM,April,4,764.47,1657,OTF,539,20.2,4,775
33,FLOUNDER WINTER (BLACKBACK),Proud Mary,PM,April,4,76.94,150,OTF,539,20.2,4,56
33,HAKE WHITE,Proud Mary,PM,April,1,0.49,1,NA,NA,NA,NA,NA
33,NO GROUNDFISH DISCARDS,Proud Mary,PM,April,1,0,1,NA,NA,NA,NA,NA
33,NON-GROUNDFISH,Proud Mary,PM,April,1,0,1,NA,NA,NA,NA,NA
33,OCEAN POUT,Proud Mary,PM,April,2,9.2,5,OTF,539,21,2,11
33,FLFSP,NA,NA,NA,NA,NA,NA,OTF,539,20,3,12
33,MONK,NA,NA,NA,NA,NA,NA,OTF,539,21,2,5
33,FLUKE,NA,NA,NA,NA,NA,NA,OTF,539,20.2,4,122
33,SCUL,NA,NA,NA,NA,NA,NA,OTF,539,20,3,25
33,SCUP,NA,NA,NA,NA,NA,NA,OTF,539,19.5,2,2
33,SKLWIN,NA,NA,NA,NA,NA,NA,OTF,539,20,3,50
33,SROB,NA,NA,NA,NA,NA,NA,OTF,539,20,3,35
33,RHAK,NA,NA,NA,NA,NA,NA,OTF,539,21,1,1
34,FLOUNDER SUMMER (FLUKE),Proud Mary,PM,April,4,122.1,87,NA,NA,NA,NA,NA
34,FLOUNDER WINDOWPANE (SAND DAB),Proud Mary,PM,April,4,85.51,152,OTF,539,19.8,4,99
34,FLOUNDER WINTER (BLACKBACK),Proud Mary,PM,April,4,22.13,51,OTF,539,19.8,4,21
34,OCEAN POUT,Proud Mary,PM,April,3,72.31,31,OTF,539,21.7,3,84
34,FLFSP,NA,NA,NA,NA,NA,NA,OTF,539,22,1,2
34,MONK,NA,NA,NA,NA,NA,NA,OTF,539,22,1,2
34,FLUKE,NA,NA,NA,NA,NA,NA,OTF,539,19.8,4,129
34,SCUL,NA,NA,NA,NA,NA,NA,OTF,539,19.8,4,13
34,SKLWIN,NA,NA,NA,NA,NA,NA,OTF,539,22,1,5
34,SROB,NA,NA,NA,NA,NA,NA,OTF,539,22,2,13
34,RHAK,NA,NA,NA,NA,NA,NA,OTF,539,22,1,1
35,FLOUNDER SUMMER (FLUKE),Proud Mary,PM,April,4,155.7,107,NA,NA,NA,NA,NA
35,FLOUNDER WINDOWPANE (SAND DAB),Proud Mary,PM,April,4,39.71,81,OTF,611,17.2,4,43
35,FLOUNDER WINTER (BLACKBACK),Proud Mary,PM,April,3,7.09,13,NA,NA,NA,NA,NA
35,OCEAN POUT,Proud Mary,PM,April,1,2.44,1,OTF,539,18,1,2
35,FLFSP,NA,NA,NA,NA,NA,NA,OTF,611,20,1,1
35,FLUKE,NA,NA,NA,NA,NA,NA,OTF,611,17.2,4,185
35,SCUL,NA,NA,NA,NA,NA,NA,OTF,611,16.7,3,5
35,SROB,NA,NA,NA,NA,NA,NA,OTF,611,16.7,3,8
35,RHAK,NA,NA,NA,NA,NA,NA,OTF,611,20,1,1
36,COD ATLANTIC,Estrela Domar,ED,January,2,8.65,4,OTF,537,23.5,4,8
36,FLOUNDER WINDOWPANE (SAND DAB),Estrela Domar,ED,January,4,323.85,658,OTF,537,23.5,4,305
36,FLOUNDER WINTER (BLACKBACK),Estrela Domar,ED,January,3,4.82,7,OTF,537,23.5,4,5
36,FLOUNDER YELLOWTAIL,Estrela Domar,ED,January,1,0.34,1,OTF,537,23.7,3,0
36,HAKE WHITE,Estrela Domar,ED,January,1,0.1,1,NA,NA,NA,NA,NA
36,FLUKE,NA,NA,NA,NA,NA,NA,OTF,537,23,1,0
36,SKLWIN,NA,NA,NA,NA,NA,NA,OTF,537,23.5,4,0
36,SHAK,NA,NA,NA,NA,NA,NA,OTF,537,23,1,0
37,FISH UNKNOWN,Linda Marie,LM,December,4,0.3,87,NA,NA,NA,NA,NA
37,FLOUNDER SUMMER (FLUKE),Linda Marie,LM,December,4,0,120,NA,NA,NA,NA,NA
37,FLOUNDER UNKNOWN,Linda Marie,LM,December,1,0.3,1,NA,NA,NA,NA,NA
37,FLOUNDER WINDOWPANE (SAND DAB),Linda Marie,LM,December,4,128.65,267,OTF,539,18.2,4,107
37,FLOUNDER WINTER (BLACKBACK),Linda Marie,LM,December,4,18,28,OTF,539,18.2,4,14
37,BSB,NA,NA,NA,NA,NA,NA,OTF,539,18.2,4,47
37,FLFSP,NA,NA,NA,NA,NA,NA,OTF,539,18.3,3,15
37,FLUKE,NA,NA,NA,NA,NA,NA,OTF,539,18.2,4,305
37,SCUL,NA,NA,NA,NA,NA,NA,OTF,539,18,1,19
37,SCUP,NA,NA,NA,NA,NA,NA,OTF,539,18.2,4,104
37,SKLWIN,NA,NA,NA,NA,NA,NA,OTF,539,18.2,4,650
37,SROB,NA,NA,NA,NA,NA,NA,OTF,539,18.2,4,47
37,RHAK,NA,NA,NA,NA,NA,NA,OTF,539,18.2,4,47
37,SHAK,NA,NA,NA,NA,NA,NA,OTF,539,18.2,4,12
37,CRRK,NA,NA,NA,NA,NA,NA,OTF,539,18,2,16
37,LOB,NA,NA,NA,NA,NA,NA,OTF,539,18.3,3,12
37,SKBARN,NA,NA,NA,NA,NA,NA,OTF,539,18.2,4,45
37,DGSM,NA,NA,NA,NA,NA,NA,OTF,539,18,1,5
37,CRJ,NA,NA,NA,NA,NA,NA,OTF,539,18,1,10
38,FISH UNKNOWN,Linda Marie,LM,December,3,90.45,290,NA,NA,NA,NA,NA
38,FLOUNDER SUMMER (FLUKE),Linda Marie,LM,December,3,0,100,NA,NA,NA,NA,NA
38,FLOUNDER UNKNOWN,Linda Marie,LM,December,2,2.4,5,NA,NA,NA,NA,NA
38,FLOUNDER WINDOWPANE (SAND DAB),Linda Marie,LM,December,3,150.6,291,OTF,539,18,3,97
38,FLOUNDER WINTER (BLACKBACK),Linda Marie,LM,December,3,21.53,30,NA,NA,NA,NA,NA
38,BSB,NA,NA,NA,NA,NA,NA,OTF,539,18,3,28
38,DGSP,NA,NA,NA,NA,NA,NA,OTF,539,18,2,21
38,FLFSP,NA,NA,NA,NA,NA,NA,OTF,539,18,2,12
38,FLUKE,NA,NA,NA,NA,NA,NA,OTF,539,18,3,305
38,SCUP,NA,NA,NA,NA,NA,NA,OTF,539,18,3,2211
38,SKLWIN,NA,NA,NA,NA,NA,NA,OTF,539,18,3,811
38,SROB,NA,NA,NA,NA,NA,NA,OTF,539,18,3,31
38,LOB,NA,NA,NA,NA,NA,NA,OTF,539,18,3,25
38,SKBARN,NA,NA,NA,NA,NA,NA,OTF,539,18,3,32
38,CRJ,NA,NA,NA,NA,NA,NA,OTF,539,18,1,15
39,FISH UNKNOWN,Linda Marie,LM,December,4,40.6,202,NA,NA,NA,NA,NA
39,FLOUNDER SUMMER (FLUKE),Linda Marie,LM,December,4,5.5,134,NA,NA,NA,NA,NA
39,FLOUNDER WINDOWPANE (SAND DAB),Linda Marie,LM,December,4,135.27,267,OTF,539,468,4,94
39,FLOUNDER WINTER (BLACKBACK),Linda Marie,LM,December,1,4.51,8,NA,NA,NA,NA,NA
39,BSB,NA,NA,NA,NA,NA,NA,OTF,539,468,4,19
39,DGSP,NA,NA,NA,NA,NA,NA,OTF,539,18,1,10
39,FLFSP,NA,NA,NA,NA,NA,NA,OTF,539,618,3,18
39,MONK,NA,NA,NA,NA,NA,NA,OTF,539,1818,1,10
39,FLUKE,NA,NA,NA,NA,NA,NA,OTF,539,468,4,390
39,SCUP,NA,NA,NA,NA,NA,NA,OTF,539,468,4,1169
39,SKLWIN,NA,NA,NA,NA,NA,NA,OTF,539,468,4,863
39,SROB,NA,NA,NA,NA,NA,NA,OTF,539,468,4,42
39,CRRK,NA,NA,NA,NA,NA,NA,OTF,539,18,2,32
39,LOB,NA,NA,NA,NA,NA,NA,OTF,539,618,3,18
39,SKBARN,NA,NA,NA,NA,NA,NA,OTF,539,468,4,150
39,HERR,NA,NA,NA,NA,NA,NA,OTF,539,18,2,6
39,OFF,NA,NA,NA,NA,NA,NA,OTF,539,1818,1,44
39,CRJ,NA,NA,NA,NA,NA,NA,OTF,539,918,2,22
40,FISH UNKNOWN,Linda Marie,LM,December,3,0,297,NA,NA,NA,NA,NA
40,FLOUNDER SUMMER (FLUKE),Linda Marie,LM,December,3,0,66,NA,NA,NA,NA,NA
40,FLOUNDER UNKNOWN,Linda Marie,LM,December,2,0,7,NA,NA,NA,NA,NA
40,FLOUNDER WINDOWPANE (SAND DAB),Linda Marie,LM,December,3,301.74,604,OTF,539,18,3,245
40,FLOUNDER WINTER (BLACKBACK),Linda Marie,LM,December,3,28.72,41,OTF,539,18,3,20
40,HAKE WHITE,Linda Marie,LM,December,2,1.6,4,NA,NA,NA,NA,NA
40,BSB,NA,NA,NA,NA,NA,NA,OTF,539,18,3,7
40,DGSP,NA,NA,NA,NA,NA,NA,OTF,539,18,1,3
40,FLFSP,NA,NA,NA,NA,NA,NA,OTF,539,18,3,8
40,MONK,NA,NA,NA,NA,NA,NA,OTF,539,18,2,25
40,FLUKE,NA,NA,NA,NA,NA,NA,OTF,539,18,3,165
40,SCUL,NA,NA,NA,NA,NA,NA,OTF,539,18,3,59
40,SCUP,NA,NA,NA,NA,NA,NA,OTF,539,18,3,44
40,SKLWIN,NA,NA,NA,NA,NA,NA,OTF,539,18,3,363
40,SROB,NA,NA,NA,NA,NA,NA,OTF,539,18,2,6
40,CRRK,NA,NA,NA,NA,NA,NA,OTF,539,18,1,11
40,LOB,NA,NA,NA,NA,NA,NA,OTF,539,18,1,5
40,SKBARN,NA,NA,NA,NA,NA,NA,OTF,539,18,3,14
40,HERR,NA,NA,NA,NA,NA,NA,OTF,539,18,1,4
41,FLOUNDER SUMMER (FLUKE),Linda Marie,LM,December,2,0,39,NA,NA,NA,NA,NA
41,FLOUNDER WINDOWPANE (SAND DAB),Linda Marie,LM,December,2,182.74,342,OTF,539,18,2,185
41,FLOUNDER WINTER (BLACKBACK),Linda Marie,LM,December,2,12.22,19,OTF,539,18,2,9
41,HAKE WHITE,Linda Marie,LM,December,2,3.2,13,NA,NA,NA,NA,NA
41,OCEAN POUT,Linda Marie,LM,December,1,0.6,1,OTF,539,18,1,1
41,BSB,NA,NA,NA,NA,NA,NA,OTF,539,18,2,3
41,FLFSP,NA,NA,NA,NA,NA,NA,OTF,539,18,2,7
41,MONK,NA,NA,NA,NA,NA,NA,OTF,539,18,1,4
41,FLUKE,NA,NA,NA,NA,NA,NA,OTF,539,18,2,86
41,SCUL,NA,NA,NA,NA,NA,NA,OTF,539,18,2,99
41,SCUP,NA,NA,NA,NA,NA,NA,OTF,539,18,2,14
41,SROB,NA,NA,NA,NA,NA,NA,OTF,539,18,2,18
41,RHAK,NA,NA,NA,NA,NA,NA,OTF,539,18,2,12
41,LOB,NA,NA,NA,NA,NA,NA,OTF,539,18,2,9
41,SKBARN,NA,NA,NA,NA,NA,NA,OTF,539,18,1,4
41,HERR,NA,NA,NA,NA,NA,NA,OTF,539,18,1,5
41,HRBB,NA,NA,NA,NA,NA,NA,OTF,539,18,1,3
41,CRJ,NA,NA,NA,NA,NA,NA,OTF,539,18,1,11
41,ALWF,NA,NA,NA,NA,NA,NA,OTF,539,18,1,5
42,FISH UNKNOWN,Linda Marie,LM,December,1,0,1,NA,NA,NA,NA,NA
42,FLOUNDER SUMMER (FLUKE),Linda Marie,LM,December,2,0,16,NA,NA,NA,NA,NA
42,FLOUNDER WINDOWPANE (SAND DAB),Linda Marie,LM,December,2,198.55,423,OTF,539,18,2,205
42,FLOUNDER WINTER (BLACKBACK),Linda Marie,LM,December,2,8.19,13,OTF,539,18,2,5
42,HAKE WHITE,Linda Marie,LM,December,2,1,4,NA,NA,NA,NA,NA
42,OCEAN POUT,NA,NA,NA,NA,NA,NA,OTF,539,18,1,2
42,DGSP,NA,NA,NA,NA,NA,NA,OTF,539,18,1,9
42,FLFSP,NA,NA,NA,NA,NA,NA,OTF,539,18,2,9
42,FLUKE,NA,NA,NA,NA,NA,NA,OTF,539,18,2,40
42,SCUL,NA,NA,NA,NA,NA,NA,OTF,539,18,2,178
42,SKLWIN,NA,NA,NA,NA,NA,NA,OTF,539,18,2,48
42,SROB,NA,NA,NA,NA,NA,NA,OTF,539,18,1,3
42,RHAK,NA,NA,NA,NA,NA,NA,OTF,539,18,2,5
42,LOB,NA,NA,NA,NA,NA,NA,OTF,539,18,2,15
42,SKBARN,NA,NA,NA,NA,NA,NA,OTF,539,18,1,15
42,HERR,NA,NA,NA,NA,NA,NA,OTF,539,18,1,2
42,HRBB,NA,NA,NA,NA,NA,NA,OTF,539,18,2,5
42,OFF,NA,NA,NA,NA,NA,NA,OTF,539,18,1,3
42,MEN,NA,NA,NA,NA,NA,NA,OTF,539,18,1,3
43,FISH UNKNOWN,Linda Marie,LM,December,3,2.6,175,NA,NA,NA,NA,NA
43,FLOUNDER SUMMER (FLUKE),Linda Marie,LM,December,3,0,96,NA,NA,NA,NA,NA
43,FLOUNDER WINDOWPANE (SAND DAB),Linda Marie,LM,December,3,52.34,116,OTF,537,26.7,3,45
43,FLOUNDER WINTER (BLACKBACK),Linda Marie,LM,December,1,0.84,1,NA,NA,NA,NA,NA
43,HAKE WHITE,Linda Marie,LM,December,2,0.8,3,NA,NA,NA,NA,NA
43,BSB,NA,NA,NA,NA,NA,NA,OTF,537,26.7,3,6
43,DGSP,NA,NA,NA,NA,NA,NA,OTF,537,26.7,3,27
43,FLFSP,NA,NA,NA,NA,NA,NA,OTF,537,26.7,3,54
43,FLUKE,NA,NA,NA,NA,NA,NA,OTF,537,26.7,3,290
43,SCUP,NA,NA,NA,NA,NA,NA,OTF,537,26.7,3,13
43,SKLWIN,NA,NA,NA,NA,NA,NA,OTF,537,26.7,3,33
43,CRRK,NA,NA,NA,NA,NA,NA,OTF,537,26.7,3,44
43,LOB,NA,NA,NA,NA,NA,NA,OTF,537,26.5,2,11
43,SKBARN,NA,NA,NA,NA,NA,NA,OTF,537,26.7,3,144
44,FLOUNDER SUMMER (FLUKE),Linda Marie,LM,December,3,0,71,NA,NA,NA,NA,NA
44,FLOUNDER WINDOWPANE (SAND DAB),Linda Marie,LM,December,3,140.99,265,OTF,539,17,3,132
44,FLOUNDER WINTER (BLACKBACK),Linda Marie,LM,December,3,26.96,39,OTF,539,17,3,20
44,FLOUNDER YELLOWTAIL,Linda Marie,LM,December,1,0.17,1,NA,NA,NA,NA,NA
44,HAKE WHITE,Linda Marie,LM,December,2,2.3,10,NA,NA,NA,NA,NA
44,FLFSP,NA,NA,NA,NA,NA,NA,OTF,539,17,3,7
44,MONK,NA,NA,NA,NA,NA,NA,OTF,539,17,2,11
44,FLUKE,NA,NA,NA,NA,NA,NA,OTF,539,17,3,123
44,SKLWIN,NA,NA,NA,NA,NA,NA,OTF,539,17,3,58
44,SROB,NA,NA,NA,NA,NA,NA,OTF,539,17,2,6
44,CRRK,NA,NA,NA,NA,NA,NA,OTF,539,17,2,22
44,LOB,NA,NA,NA,NA,NA,NA,OTF,539,17,1,3
44,SKBARN,NA,NA,NA,NA,NA,NA,OTF,539,17,3,42
44,HERR,NA,NA,NA,NA,NA,NA,OTF,539,17,1,1
44,HRBB,NA,NA,NA,NA,NA,NA,OTF,539,17,3,17
44,BON,NA,NA,NA,NA,NA,NA,OTF,539,17,1,11
44,MACK,NA,NA,NA,NA,NA,NA,OTF,539,17,1,1
45,FISH UNKNOWN,Linda Marie,LM,January,2,0,5,NA,NA,NA,NA,NA
45,FLOUNDER SUMMER (FLUKE),Linda Marie,LM,January,4,0,8,NA,NA,NA,NA,NA
45,FLOUNDER WINDOWPANE (SAND DAB),Linda Marie,LM,January,4,449.89,868,OTF,539,70,4,494
45,FLOUNDER WINTER (BLACKBACK),Linda Marie,LM,January,4,28.59,38,OTF,539,70,4,19
45,FLOUNDER YELLOWTAIL,Linda Marie,LM,January,2,1.62,4,NA,NA,NA,NA,NA
45,HAKE WHITE,Linda Marie,LM,January,1,0.2,1,NA,NA,NA,NA,NA
45,NON-GROUNDFISH,Linda Marie,LM,January,1,0,1,NA,NA,NA,NA,NA
45,BSB,NA,NA,NA,NA,NA,NA,OTF,539,24,1,1
45,FLFSP,NA,NA,NA,NA,NA,NA,OTF,539,23,2,5
45,MONK,NA,NA,NA,NA,NA,NA,OTF,539,22.7,3,28
45,LOB,NA,NA,NA,NA,NA,NA,OTF,539,22,1,5
45,SKBARN,NA,NA,NA,NA,NA,NA,OTF,539,86,3,7
45,HERR,NA,NA,NA,NA,NA,NA,OTF,539,22,1,1
45,HRBB,NA,NA,NA,NA,NA,NA,OTF,539,22.7,3,3
45,MACK,NA,NA,NA,NA,NA,NA,OTF,539,23,2,2
46,FISH UNKNOWN,Linda Marie,LM,January,3,0,5,NA,NA,NA,NA,NA
46,FLOUNDER SUMMER (FLUKE),Linda Marie,LM,January,5,0,123,NA,NA,NA,NA,NA
46,FLOUNDER WINDOWPANE (SAND DAB),Linda Marie,LM,January,5,379.04,725,OTF,539,25.4,5,320
46,FLOUNDER WINTER (BLACKBACK),Linda Marie,LM,January,3,7.56,13,NA,NA,NA,NA,NA
46,FLOUNDER YELLOWTAIL,Linda Marie,LM,January,2,1.3,4,NA,NA,NA,NA,NA
46,HAKE WHITE,Linda Marie,LM,January,4,8.6,31,NA,NA,NA,NA,NA
46,BSB,NA,NA,NA,NA,NA,NA,OTF,539,25.4,5,5
46,DGSP,NA,NA,NA,NA,NA,NA,OTF,539,25.5,4,53
46,FLFSP,NA,NA,NA,NA,NA,NA,OTF,539,25.4,5,12
46,MONK,NA,NA,NA,NA,NA,NA,OTF,539,28,1,10
46,FLUKE,NA,NA,NA,NA,NA,NA,OTF,539,25.4,5,71
46,SCUL,NA,NA,NA,NA,NA,NA,OTF,539,25,1,16
46,SKLWIN,NA,NA,NA,NA,NA,NA,OTF,539,25.4,5,1143
46,SKBARN,NA,NA,NA,NA,NA,NA,OTF,539,25.5,4,13
46,HRBB,NA,NA,NA,NA,NA,NA,OTF,539,25.5,4,5
46,MEN,NA,NA,NA,NA,NA,NA,OTF,539,25,1,1
46,MACK,NA,NA,NA,NA,NA,NA,OTF,539,25.7,3,3
47,FISH UNKNOWN,Linda Marie,LM,January,4,0,61,NA,NA,NA,NA,NA
47,FLOUNDER SUMMER (FLUKE),Linda Marie,LM,January,3,0,37,NA,NA,NA,NA,NA
47,FLOUNDER WINDOWPANE (SAND DAB),Linda Marie,LM,January,4,394.44,673,OTF,539,25.2,4,310
47,FLOUNDER WINTER (BLACKBACK),Linda Marie,LM,January,2,6.2,10,NA,NA,NA,NA,NA
47,FLOUNDER YELLOWTAIL,Linda Marie,LM,January,1,0.44,1,NA,NA,NA,NA,NA
47,HAKE WHITE,Linda Marie,LM,January,2,2.3,6,NA,NA,NA,NA,NA
47,NON-GROUNDFISH,Linda Marie,LM,January,2,0,3,NA,NA,NA,NA,NA
47,BSB,NA,NA,NA,NA,NA,NA,OTF,539,25.2,4,4
47,FLFSP,NA,NA,NA,NA,NA,NA,OTF,539,26,3,8
47,MONK,NA,NA,NA,NA,NA,NA,OTF,539,27,1,3
47,FLUKE,NA,NA,NA,NA,NA,NA,OTF,539,25.2,4,38
47,SKLWIN,NA,NA,NA,NA,NA,NA,OTF,539,25.2,4,1010
47,SROB,NA,NA,NA,NA,NA,NA,OTF,539,23,1,1
47,LOB,NA,NA,NA,NA,NA,NA,OTF,539,23,1,6
47,HRBB,NA,NA,NA,NA,NA,NA,OTF,539,25.2,4,6
47,MACK,NA,NA,NA,NA,NA,NA,OTF,539,27.5,2,2
48,COD ATLANTIC,Linda Marie,LM,January,1,7.28,4,NA,NA,NA,NA,NA
48,FISH UNKNOWN,Linda Marie,LM,January,1,0,2,NA,NA,NA,NA,NA
48,FLOUNDER UNKNOWN,Linda Marie,LM,January,1,0.3,1,NA,NA,NA,NA,NA
48,FLOUNDER WINDOWPANE (SAND DAB),Linda Marie,LM,January,4,430.62,852,OTF,539,25.2,4,413
48,FLOUNDER WINTER (BLACKBACK),Linda Marie,LM,January,1,0.76,1,NA,NA,NA,NA,NA
48,FLOUNDER YELLOWTAIL,Linda Marie,LM,January,3,2.29,6,OTF,539,24.7,3,3
48,OCEAN POUT,Linda Marie,LM,January,2,10.28,3,OTF,539,24,1,2
48,MONK,NA,NA,NA,NA,NA,NA,OTF,537,26,2,3
48,SCUL,NA,NA,NA,NA,NA,NA,OTF,537,25.7,3,25
48,SKLWIN,NA,NA,NA,NA,NA,NA,OTF,539,25.2,4,386
48,SKBARN,NA,NA,NA,NA,NA,NA,OTF,539,26,2,5
48,HERR,NA,NA,NA,NA,NA,NA,OTF,537,25,2,6
48,HRBB,NA,NA,NA,NA,NA,NA,OTF,537,25,2,6
49,FISH UNKNOWN,Linda Marie,LM,January,2,0,11,NA,NA,NA,NA,NA
49,FLOUNDER SUMMER (FLUKE),Linda Marie,LM,January,3,0,109,NA,NA,NA,NA,NA
49,FLOUNDER WINDOWPANE (SAND DAB),Linda Marie,LM,January,4,233.12,433,OTF,539,26.3,3,170
49,HAKE WHITE,Linda Marie,LM,January,2,1.5,5,NA,NA,NA,NA,NA
49,NON-GROUNDFISH,Linda Marie,LM,January,2,0,3,NA,NA,NA,NA,NA
49,BSB,NA,NA,NA,NA,NA,NA,OTF,539,31.5,2,2
49,DGSP,NA,NA,NA,NA,NA,NA,OTF,537,33,1,12
49,FLFSP,NA,NA,NA,NA,NA,NA,OTF,539,28,4,18
49,MONK,NA,NA,NA,NA,NA,NA,OTF,539,31.5,2,9
49,FLUKE,NA,NA,NA,NA,NA,NA,OTF,539,29.3,3,86
49,SCUL,NA,NA,NA,NA,NA,NA,OTF,539,28,4,24
49,SKLWIN,NA,NA,NA,NA,NA,NA,OTF,539,28,4,1032
49,RHAK,NA,NA,NA,NA,NA,NA,OTF,539,31.5,2,4
49,SKBARN,NA,NA,NA,NA,NA,NA,OTF,539,28,4,13
49,HERR,NA,NA,NA,NA,NA,NA,OTF,539,31.5,2,4
49,HRBB,NA,NA,NA,NA,NA,NA,OTF,537,28.5,2,6
49,MACK,NA,NA,NA,NA,NA,NA,OTF,539,29,3,4
50,COD ATLANTIC,Linda Marie,LM,January,1,6.03,2,NA,NA,NA,NA,NA
50,FISH UNKNOWN,Linda Marie,LM,January,1,0,1,NA,NA,NA,NA,NA
50,FLOUNDER SUMMER (FLUKE),Linda Marie,LM,January,3,0,22,NA,NA,NA,NA,NA
50,FLOUNDER WINDOWPANE (SAND DAB),Linda Marie,LM,January,4,398.06,765,OTF,539,27,4,345
50,FLOUNDER WINTER (BLACKBACK),Linda Marie,LM,January,1,0.62,1,NA,NA,NA,NA,NA
50,FLOUNDER YELLOWTAIL,Linda Marie,LM,January,2,0.68,2,NA,NA,NA,NA,NA
50,OCEAN POUT,Linda Marie,LM,January,2,6.18,2,OTF,539,29,2,4
50,SCUL,NA,NA,NA,NA,NA,NA,OTF,539,26,1,5
50,SKLWIN,NA,NA,NA,NA,NA,NA,OTF,539,27,4,420
50,SKBARN,NA,NA,NA,NA,NA,NA,OTF,539,26,1,2
50,HERR,NA,NA,NA,NA,NA,NA,OTF,539,26,1,1
50,HRBB,NA,NA,NA,NA,NA,NA,OTF,539,26,1,1
51,COD ATLANTIC,Linda Marie,LM,January,2,3.14,2,NA,NA,NA,NA,NA
51,FISH UNKNOWN,Linda Marie,LM,January,1,0,1,NA,NA,NA,NA,NA
51,FLOUNDER SUMMER (FLUKE),Linda Marie,LM,January,1,0,2,NA,NA,NA,NA,NA
51,FLOUNDER WINDOWPANE (SAND DAB),Linda Marie,LM,January,4,670.77,1294,OTF,539,25,4,670
51,FLOUNDER WINTER (BLACKBACK),Linda Marie,LM,January,1,2.99,5,NA,NA,NA,NA,NA
51,FLOUNDER YELLOWTAIL,Linda Marie,LM,January,2,6.01,15,NA,NA,NA,NA,NA
51,OCEAN POUT,Linda Marie,LM,January,1,3.81,1,OTF,539,25,2,5
51,DGSP,NA,NA,NA,NA,NA,NA,OTF,537,26,1,6
51,SCUL,NA,NA,NA,NA,NA,NA,OTF,539,25,2,6
51,SKLWIN,NA,NA,NA,NA,NA,NA,OTF,539,25,4,577
51,RHAK,NA,NA,NA,NA,NA,NA,OTF,539,24,1,3
51,HERR,NA,NA,NA,NA,NA,NA,OTF,539,24,1,3
51,HRBB,NA,NA,NA,NA,NA,NA,OTF,539,24.7,3,6
51,MACK,NA,NA,NA,NA,NA,NA,OTF,539,25,2,3
52,COD ATLANTIC,Linda Marie,LM,January,1,1.57,1,OTF,539,27,1,1
52,FLOUNDER SUMMER (FLUKE),Linda Marie,LM,January,3,0,70,NA,NA,NA,NA,NA
52,FLOUNDER WINDOWPANE (SAND DAB),Linda Marie,LM,January,3,45.69,96,OTF,537,27.8,4,53
52,FLOUNDER WINTER (BLACKBACK),Linda Marie,LM,January,2,3.68,6,NA,NA,NA,NA,NA
52,DGSP,NA,NA,NA,NA,NA,NA,OTF,539,32,1,21
52,FLFSP,NA,NA,NA,NA,NA,NA,OTF,537,27.8,4,13
52,MONK,NA,NA,NA,NA,NA,NA,OTF,537,32,1,6
52,FLUKE,NA,NA,NA,NA,NA,NA,OTF,537,27.8,4,80
52,SKBARN,NA,NA,NA,NA,NA,NA,OTF,539,27,1,3
52,HERR,NA,NA,NA,NA,NA,NA,OTF,539,20,1,1
52,HRBB,NA,NA,NA,NA,NA,NA,OTF,539,20,1,1
53,COD ATLANTIC,Linda Marie,LM,February,2,6.93,4,NA,NA,NA,NA,NA
53,FISH UNKNOWN,Linda Marie,LM,February,3,0,11,NA,NA,NA,NA,NA
53,FLOUNDER SUMMER (FLUKE),Linda Marie,LM,February,4,0,201,NA,NA,NA,NA,NA
53,FLOUNDER UNKNOWN,Linda Marie,LM,February,1,0.5,1,NA,NA,NA,NA,NA
53,FLOUNDER WINDOWPANE (SAND DAB),Linda Marie,LM,February,6,686.05,1365,OTF,539,29.4,5,641
53,FLOUNDER WINTER (BLACKBACK),Linda Marie,LM,February,4,10.68,15,NA,NA,NA,NA,NA
53,FLOUNDER YELLOWTAIL,Linda Marie,LM,February,4,5.07,12,OTF,539,24,4,9
53,HAKE WHITE,Linda Marie,LM,February,2,0.7,4,NA,NA,NA,NA,NA
53,NON-GROUNDFISH,Linda Marie,LM,February,2,0,6,NA,NA,NA,NA,NA
53,OCEAN POUT,Linda Marie,LM,February,1,3.31,1,OTF,539,24,1,3
53,FLFSP,NA,NA,NA,NA,NA,NA,OTF,537,51,1,11
53,MONK,NA,NA,NA,NA,NA,NA,OTF,537,51,2,766
53,SKLWIN,NA,NA,NA,NA,NA,NA,OTF,537,33,6,2318
53,SROB,NA,NA,NA,NA,NA,NA,OTF,537,51,2,366
53,SKBARN,NA,NA,NA,NA,NA,NA,OTF,537,51,2,622
54,COD ATLANTIC,Linda Marie,LM,February,2,3.62,2,NA,NA,NA,NA,NA
54,FLOUNDER SUMMER (FLUKE),Linda Marie,LM,February,2,1.4,5,NA,NA,NA,NA,NA
54,FLOUNDER WINDOWPANE (SAND DAB),Linda Marie,LM,February,4,594.42,1118,OTF,539,24.8,4,590
54,FLOUNDER WINTER (BLACKBACK),Linda Marie,LM,February,1,0.69,1,NA,NA,NA,NA,NA
54,FLOUNDER YELLOWTAIL,Linda Marie,LM,February,3,2.96,5,NA,NA,NA,NA,NA
54,FLUKE,NA,NA,NA,NA,NA,NA,OTF,539,24.5,2,3
54,SCUL,NA,NA,NA,NA,NA,NA,OTF,539,24.8,4,38
54,SKLWIN,NA,NA,NA,NA,NA,NA,OTF,539,24.8,4,918
54,SHAK,NA,NA,NA,NA,NA,NA,OTF,537,25,3,4
54,HERR,NA,NA,NA,NA,NA,NA,OTF,537,25.5,2,4
54,HRBB,NA,NA,NA,NA,NA,NA,OTF,539,24,1,2
55,COD ATLANTIC,Linda Marie,LM,February,2,2.58,2,NA,NA,NA,NA,NA
55,FISH UNKNOWN,Linda Marie,LM,February,1,0,1,NA,NA,NA,NA,NA
55,FLOUNDER SUMMER (FLUKE),Linda Marie,LM,February,3,0,13,NA,NA,NA,NA,NA
55,FLOUNDER WINDOWPANE (SAND DAB),Linda Marie,LM,February,4,410.43,733,OTF,539,25,4,375
55,FLOUNDER WINTER (BLACKBACK),Linda Marie,LM,February,3,2.14,4,NA,NA,NA,NA,NA
55,FLOUNDER YELLOWTAIL,Linda Marie,LM,February,2,0.82,2,NA,NA,NA,NA,NA
55,OCEAN POUT,Linda Marie,LM,February,2,6.93,4,OTF,539,25,3,6
55,DGSP,NA,NA,NA,NA,NA,NA,OTF,539,25,4,29
55,FLUKE,NA,NA,NA,NA,NA,NA,OTF,539,25,3,9
55,SCUL,NA,NA,NA,NA,NA,NA,OTF,539,25,4,38
55,SKLWIN,NA,NA,NA,NA,NA,NA,OTF,539,25,4,124
55,SHAK,NA,NA,NA,NA,NA,NA,OTF,539,24.5,2,3
55,HERR,NA,NA,NA,NA,NA,NA,OTF,539,25.3,3,3
55,HRBB,NA,NA,NA,NA,NA,NA,OTF,539,25,4,6
55,MACK,NA,NA,NA,NA,NA,NA,OTF,539,25,4,6
56,FLOUNDER SUMMER (FLUKE),Linda Marie,LM,February,2,0,2,NA,NA,NA,NA,NA
56,FLOUNDER WINDOWPANE (SAND DAB),Linda Marie,LM,February,4,259.37,481,OTF,539,25.5,4,176
56,FLOUNDER WINTER (BLACKBACK),Linda Marie,LM,February,2,2.43,4,NA,NA,NA,NA,NA
56,OCEAN POUT,Linda Marie,LM,February,1,3.64,1,OTF,539,26,1,2
56,DGSP,NA,NA,NA,NA,NA,NA,OTF,539,26,2,6
56,MONK,NA,NA,NA,NA,NA,NA,OTF,539,26,1,2
56,FLUKE,NA,NA,NA,NA,NA,NA,OTF,539,26,2,2
56,SCUL,NA,NA,NA,NA,NA,NA,OTF,539,25.5,4,37
56,SHAK,NA,NA,NA,NA,NA,NA,OTF,539,25.3,3,3
56,HERR,NA,NA,NA,NA,NA,NA,OTF,539,25.3,3,3
56,HRBB,NA,NA,NA,NA,NA,NA,OTF,539,25.3,3,3
56,DGSM,NA,NA,NA,NA,NA,NA,OTF,539,24,1,3
56,MACK,NA,NA,NA,NA,NA,NA,OTF,539,25,2,2
57,FLOUNDER SUMMER (FLUKE),Linda Marie,LM,February,6,0,98,NA,NA,NA,NA,NA
57,FLOUNDER WINDOWPANE (SAND DAB),Linda Marie,LM,February,6,95.35,201,OTF,537,36.8,6,92
57,FLOUNDER WINTER (BLACKBACK),NA,NA,NA,NA,NA,NA,OTF,537,37,1,6
57,HAKE WHITE,Linda Marie,LM,February,2,1.31,7,NA,NA,NA,NA,NA
57,OCEAN POUT,Linda Marie,LM,February,1,0.1,1,OTF,613,38,1,1
57,BSB,NA,NA,NA,NA,NA,NA,OTF,537,36,1,2
57,DGSP,NA,NA,NA,NA,NA,NA,OTF,537,37,2,25
57,FLFSP,NA,NA,NA,NA,NA,NA,OTF,537,36.8,5,20
57,MONK,NA,NA,NA,NA,NA,NA,OTF,537,36.7,3,8
57,SKLWIN,NA,NA,NA,NA,NA,NA,OTF,537,36.8,6,860
57,RHAK,NA,NA,NA,NA,NA,NA,OTF,537,37,5,5
57,SKBARN,NA,NA,NA,NA,NA,NA,OTF,537,36.8,6,36
57,HERR,NA,NA,NA,NA,NA,NA,OTF,537,37.3,3,3
57,HRBB,NA,NA,NA,NA,NA,NA,OTF,537,37.2,4,4
57,MACK,NA,NA,NA,NA,NA,NA,OTF,537,36.8,6,7
58,FISH UNKNOWN,Linda Marie,LM,February,3,0,75,NA,NA,NA,NA,NA
58,FLOUNDER SUMMER (FLUKE),Linda Marie,LM,February,3,0,227,NA,NA,NA,NA,NA
58,FLOUNDER WINDOWPANE (SAND DAB),Linda Marie,LM,February,3,48.44,93,OTF,613,37.3,3,40
58,FLOUNDER WITCH (GREY SOLE),Linda Marie,LM,February,2,1.03,2,OTF,613,37.5,2,2
58,HAKE WHITE,Linda Marie,LM,February,3,3.22,14,NA,NA,NA,NA,NA
58,BSB,NA,NA,NA,NA,NA,NA,OTF,613,37,1,6
58,DGSP,NA,NA,NA,NA,NA,NA,OTF,613,37.5,2,101
58,FLFSP,NA,NA,NA,NA,NA,NA,OTF,613,37.3,3,29
58,MONK,NA,NA,NA,NA,NA,NA,OTF,613,38,1,15
58,FLUKE,NA,NA,NA,NA,NA,NA,OTF,613,37.3,3,152
58,SKLWIN,NA,NA,NA,NA,NA,NA,OTF,613,37.3,3,600
58,RHAK,NA,NA,NA,NA,NA,NA,OTF,613,37.3,3,17
58,SKBARN,NA,NA,NA,NA,NA,NA,OTF,613,37.3,3,19
59,FLOUNDER SUMMER (FLUKE),Linda Marie,LM,February,2,0,3,NA,NA,NA,NA,NA
59,FLOUNDER WINDOWPANE (SAND DAB),Linda Marie,LM,February,3,279.04,501,OTF,539,23.3,3,275
59,FLOUNDER WINTER (BLACKBACK),Linda Marie,LM,February,3,8.53,14,OTF,539,23.3,3,8
59,DGSP,NA,NA,NA,NA,NA,NA,OTF,539,23,1,2
59,SCUL,NA,NA,NA,NA,NA,NA,OTF,539,24,1,5
59,SKLWIN,NA,NA,NA,NA,NA,NA,OTF,539,23.3,3,50
59,SHAK,NA,NA,NA,NA,NA,NA,OTF,539,23,2,2
59,CRRK,NA,NA,NA,NA,NA,NA,OTF,539,23,1,2
59,SKBARN,NA,NA,NA,NA,NA,NA,OTF,539,24,1,3
60,COD ATLANTIC,Linda Marie,LM,March,1,2.07,1,NA,NA,NA,NA,NA
60,FISH UNKNOWN,Linda Marie,LM,March,2,0,2,NA,NA,NA,NA,NA
60,FLOUNDER SUMMER (FLUKE),Linda Marie,LM,March,8,0,53,NA,NA,NA,NA,NA
60,FLOUNDER WINDOWPANE (SAND DAB),Linda Marie,LM,March,9,171.43,329,OTF,537,106.5,8,187
60,FLOUNDER WINTER (BLACKBACK),Linda Marie,LM,March,2,2.76,4,NA,NA,NA,NA,NA
60,FLOUNDER YELLOWTAIL,Linda Marie,LM,March,2,0.39,2,NA,NA,NA,NA,NA
60,HADDOCK,Linda Marie,LM,March,1,1.82,1,OTF,537,55,1,2
60,HAKE WHITE,Linda Marie,LM,March,3,11.86,49,NA,NA,NA,NA,NA
60,MARINE MAMMAL,Linda Marie,LM,March,1,0,1,NA,NA,NA,NA,NA
60,NON-GROUNDFISH,Linda Marie,LM,March,1,0,1,NA,NA,NA,NA,NA
60,OCEAN POUT,Linda Marie,LM,March,1,8.9,4,OTF,539,24,1,6
60,DGSP,NA,NA,NA,NA,NA,NA,OTF,537,106.5,8,265
60,FLFSP,NA,NA,NA,NA,NA,NA,OTF,537,53,1,2
60,SKLWIN,NA,NA,NA,NA,NA,NA,OTF,537,98.8,9,19655
60,SROB,NA,NA,NA,NA,NA,NA,OTF,537,153.4,5,841
60,SKBARN,NA,NA,NA,NA,NA,NA,OTF,537,134,6,94
61,FLOUNDER SUMMER (FLUKE),Linda Marie,LM,March,1,1.5,1,NA,NA,NA,NA,NA
61,FLOUNDER WINDOWPANE (SAND DAB),Linda Marie,LM,March,5,168.58,298,OTF,539,24.8,5,147
61,FLOUNDER WINTER (BLACKBACK),Linda Marie,LM,March,1,1.2,2,NA,NA,NA,NA,NA
61,FLOUNDER YELLOWTAIL,Linda Marie,LM,March,1,0.82,1,NA,NA,NA,NA,NA
61,OCEAN POUT,Linda Marie,LM,March,2,7.47,4,OTF,539,24,1,3
61,FLUKE,NA,NA,NA,NA,NA,NA,OTF,539,24,1,1
61,SKLWIN,NA,NA,NA,NA,NA,NA,OTF,539,24.8,5,286
61,SHAK,NA,NA,NA,NA,NA,NA,OTF,537,25.7,3,5
61,HERR,NA,NA,NA,NA,NA,NA,OTF,539,24,2,3
61,HRBB,NA,NA,NA,NA,NA,NA,OTF,539,24,2,5
62,FLOUNDER WINDOWPANE (SAND DAB),Linda Marie,LM,March,6,340.94,643,OTF,539,25.7,6,274
62,FLOUNDER WINTER (BLACKBACK),Linda Marie,LM,March,3,3.7,6,NA,NA,NA,NA,NA
62,FLOUNDER YELLOWTAIL,Linda Marie,LM,March,3,1.79,4,NA,NA,NA,NA,NA
62,OCEAN POUT,Linda Marie,LM,March,6,33.61,15,OTF,539,25.7,6,33
62,FLUKE,NA,NA,NA,NA,NA,NA,OTF,537,25,1,2
62,SKLWIN,NA,NA,NA,NA,NA,NA,OTF,539,25.7,6,309
62,SHAK,NA,NA,NA,NA,NA,NA,OTF,537,26,2,4
62,HERR,NA,NA,NA,NA,NA,NA,OTF,539,25.7,6,11
62,HRBB,NA,NA,NA,NA,NA,NA,OTF,539,25,2,4
63,FLOUNDER SUMMER (FLUKE),Linda Marie,LM,April,4,1.5,14,NA,NA,NA,NA,NA
63,FLOUNDER WINDOWPANE (SAND DAB),Linda Marie,LM,April,4,260.07,493,OTF,539,22,3,205
63,FLOUNDER WINTER (BLACKBACK),Linda Marie,LM,April,4,11.2,20,NA,NA,NA,NA,NA
63,OCEAN POUT,Linda Marie,LM,April,4,43.86,21,OTF,539,22,3,22
63,FLUKE,NA,NA,NA,NA,NA,NA,OTF,539,22,3,23
64,FISH UNKNOWN,Linda Marie,LM,April,2,0,4,NA,NA,NA,NA,NA
64,FLOUNDER SUMMER (FLUKE),Linda Marie,LM,April,4,0,21,NA,NA,NA,NA,NA
64,FLOUNDER WINDOWPANE (SAND DAB),Linda Marie,LM,April,4,298.2,585,OTF,539,23,4,313
64,FLOUNDER WINTER (BLACKBACK),Linda Marie,LM,April,4,17.73,29,NA,NA,NA,NA,NA
64,FLOUNDER YELLOWTAIL,Linda Marie,LM,April,1,1.23,3,NA,NA,NA,NA,NA
64,OCEAN POUT,Linda Marie,LM,April,4,50.38,24,OTF,539,23,4,47
64,FLFSP,NA,NA,NA,NA,NA,NA,OTF,539,23,4,8
64,MONK,NA,NA,NA,NA,NA,NA,OTF,539,23.5,2,9
64,FLUKE,NA,NA,NA,NA,NA,NA,OTF,539,23,4,82
64,SCUL,NA,NA,NA,NA,NA,NA,OTF,539,23,4,46
64,SKBARN,NA,NA,NA,NA,NA,NA,OTF,539,22,2,19
65,FISH UNKNOWN,Linda Marie,LM,April,1,0,4,NA,NA,NA,NA,NA
65,FLOUNDER SUMMER (FLUKE),Linda Marie,LM,April,4,0,17,NA,NA,NA,NA,NA
65,FLOUNDER WINDOWPANE (SAND DAB),Linda Marie,LM,April,5,144.97,257,OTF,539,26.2,5,127
65,FLOUNDER WINTER (BLACKBACK),Linda Marie,LM,April,5,6.36,12,OTF,539,26.2,5,14
65,OCEAN POUT,Linda Marie,LM,April,5,78.81,42,OTF,539,26.2,5,88
65,FLFSP,NA,NA,NA,NA,NA,NA,OTF,539,26.3,3,8
65,FLUKE,NA,NA,NA,NA,NA,NA,OTF,539,26.2,5,46
65,SCUL,NA,NA,NA,NA,NA,NA,OTF,539,26.5,4,48
65,SROB,NA,NA,NA,NA,NA,NA,OTF,539,26,1,6
65,SKBARN,NA,NA,NA,NA,NA,NA,OTF,539,26.3,3,31
66,FISH UNKNOWN,Linda Marie,LM,April,1,0,1,NA,NA,NA,NA,NA
66,FLOUNDER WINDOWPANE (SAND DAB),Linda Marie,LM,April,2,20.26,36,OTF,611,19,2,23
66,FLOUNDER WINTER (BLACKBACK),Linda Marie,LM,April,1,0.7,1,NA,NA,NA,NA,NA
67,FISH UNKNOWN,Linda Marie,LM,April,1,0,3,NA,NA,NA,NA,NA
67,FLOUNDER SUMMER (FLUKE),Linda Marie,LM,April,3,0,12,NA,NA,NA,NA,NA
67,FLOUNDER WINDOWPANE (SAND DAB),Linda Marie,LM,April,5,351.48,655,OTF,539,20.6,5,345
67,FLOUNDER WINTER (BLACKBACK),Linda Marie,LM,April,5,12.31,22,OTF,539,20.6,5,16
67,FLOUNDER YELLOWTAIL,Linda Marie,LM,April,1,0.44,1,NA,NA,NA,NA,NA
67,OCEAN POUT,Linda Marie,LM,April,4,20.49,10,OTF,539,20.8,4,22
67,MONK,NA,NA,NA,NA,NA,NA,OTF,539,20,1,2
67,SCUL,NA,NA,NA,NA,NA,NA,OTF,539,20.6,5,35
67,SKLWIN,NA,NA,NA,NA,NA,NA,OTF,539,20.6,5,266
67,SROB,NA,NA,NA,NA,NA,NA,OTF,539,20,1,6
67,SKBARN,NA,NA,NA,NA,NA,NA,OTF,539,20.6,5,43
68,FISH UNKNOWN,Linda Marie,LM,April,2,0.8,3,NA,NA,NA,NA,NA
68,FLOUNDER SUMMER (FLUKE),Linda Marie,LM,April,4,10.8,21,NA,NA,NA,NA,NA
68,FLOUNDER WINDOWPANE (SAND DAB),Linda Marie,LM,April,5,494.63,948,OTF,539,21.6,5,505
68,FLOUNDER WINTER (BLACKBACK),Linda Marie,LM,April,5,14.95,27,NA,NA,NA,NA,NA
68,OCEAN POUT,Linda Marie,LM,April,3,31.6,18,OTF,539,21.5,4,31
68,DGSP,NA,NA,NA,NA,NA,NA,OTF,539,22,1,15
68,FLFSP,NA,NA,NA,NA,NA,NA,OTF,539,20,1,4
68,MONK,NA,NA,NA,NA,NA,NA,OTF,539,22,1,3
68,SCUL,NA,NA,NA,NA,NA,NA,OTF,539,22,3,16
68,SROB,NA,NA,NA,NA,NA,NA,OTF,539,22,2,13
68,SKBARN,NA,NA,NA,NA,NA,NA,OTF,539,22,2,19
69,FLOUNDER SUMMER (FLUKE),Linda Marie,LM,April,1,0.8,1,NA,NA,NA,NA,NA
69,FLOUNDER WINDOWPANE (SAND DAB),Linda Marie,LM,April,5,37.87,71,OTF,611,20.5,6,57
69,FLOUNDER WINTER (BLACKBACK),Linda Marie,LM,April,1,1.45,2,NA,NA,NA,NA,NA
69,NO GROUNDFISH DISCARDS,Linda Marie,LM,April,1,0,1,NA,NA,NA,NA,NA
69,SROB,NA,NA,NA,NA,NA,NA,OTF,611,18.5,2,3
69,LOB,NA,NA,NA,NA,NA,NA,OTF,611,22.5,2,6
69,CRSP,NA,NA,NA,NA,NA,NA,OTF,611,19,2,16
70,FISH UNKNOWN,Linda Marie,LM,April,1,0.5,1,NA,NA,NA,NA,NA
70,FLOUNDER WINDOWPANE (SAND DAB),Linda Marie,LM,April,4,129.21,239,OTF,539,20.8,4,108
70,FLOUNDER WINTER (BLACKBACK),Linda Marie,LM,April,3,5.47,11,NA,NA,NA,NA,NA
70,OCEAN POUT,Linda Marie,LM,April,2,26.94,9,OTF,539,20.3,3,46
70,DGSP,NA,NA,NA,NA,NA,NA,OTF,539,20.3,3,151
70,SROB,NA,NA,NA,NA,NA,NA,OTF,539,20.5,2,8
70,SKBARN,NA,NA,NA,NA,NA,NA,OTF,539,20.5,2,8
71,FISH UNKNOWN,Linda Marie,LM,April,1,0,1,NA,NA,NA,NA,NA
71,FLOUNDER SUMMER (FLUKE),Linda Marie,LM,April,5,0,11,NA,NA,NA,NA,NA
71,FLOUNDER WINDOWPANE (SAND DAB),Linda Marie,LM,April,5,196.38,363,OTF,539,20,5,157
71,FLOUNDER WINTER (BLACKBACK),Linda Marie,LM,April,4,5.71,11,NA,NA,NA,NA,NA
71,OCEAN POUT,Linda Marie,LM,April,4,11.53,5,OTF,539,20,4,22
71,DGSP,NA,NA,NA,NA,NA,NA,OTF,539,20,4,105
71,FLFSP,NA,NA,NA,NA,NA,NA,OTF,539,20,1,1
71,MONK,NA,NA,NA,NA,NA,NA,OTF,539,20,1,2
71,FLUKE,NA,NA,NA,NA,NA,NA,OTF,539,20,5,12
71,SROB,NA,NA,NA,NA,NA,NA,OTF,539,20,3,10
71,SKBARN,NA,NA,NA,NA,NA,NA,OTF,539,20,4,40
71,HERR,NA,NA,NA,NA,NA,NA,OTF,539,20,1,2
71,HRBB,NA,NA,NA,NA,NA,NA,OTF,539,20,1,2
